--Table INPUT_HUB
Insert into INPUT_HUB (INPUT_STRING) values ('CT1;40.6389;-8.6553;C1');
Insert into INPUT_HUB (INPUT_STRING) values ('CT2;38.0333;-7.8833;C2');
Insert into INPUT_HUB (INPUT_STRING) values ('CT99;80.1234;-20.3012;P99');
Insert into INPUT_HUB (INPUT_STRING) values ('CT14;38.5243;-8.8926;E1');
Insert into INPUT_HUB (INPUT_STRING) values ('CT11;39.3167;-7.4167;E2');
Insert into INPUT_HUB (INPUT_STRING) values ('CT98;-80.9865;12.5566;E88');
Insert into INPUT_HUB (INPUT_STRING) values ('CT10;39.7444;-8.8072;P3');

--Table HUB
Insert into HUB (CODIGOHUB,LATITUDE,LONGITUDE,codigoEP) values ('CT99','80.1234','-20.3012','P99');
Insert into HUB (CODIGOHUB,LATITUDE,LONGITUDE,codigoEP) values ('CT98','-80.9865','12.5566','E88');

--Table MORADA
Insert into MORADA (ENDERECO,CODIGOPOSTAL) values ('RUA DO ISEP','4444-333');
Insert into MORADA (ENDERECO,CODIGOPOSTAL) values ('RUA DO ISEP 2','3333-444');
Insert into MORADA (ENDERECO,CODIGOPOSTAL) values ('Rua Associacao Isep','1233-123');
Insert into MORADA (ENDERECO,CODIGOPOSTAL) values ('Rua das Flores','4460-888');
Insert into MORADA (ENDERECO,CODIGOPOSTAL) values ('Rua dos Reis','4467-999');

--Table PESSOA
Insert into PESSOA (NOME,NIF,EMAIL) values ('Samuel','111222333','samuel83a@gmail.com');
Insert into PESSOA (NOME,NIF,EMAIL) values ('EXAMPLE','111444333','example@gmail.com');
Insert into PESSOA (NOME,NIF,EMAIL) values ('Henrique','123456789','henrique@gmail.com');
Insert into PESSOA (NOME,NIF,EMAIL) values ('Bruna','987654321','bruna@gmail.com');
Insert into PESSOA (NOME,NIF,EMAIL) values ('Pedro Alves','123555789','pedro@gmail.com');
Insert into PESSOA (NOME,NIF,EMAIL) values ('Maria','456456456','maria@gmail.com');
Insert into PESSOA (NOME,NIF,EMAIL) values ('Fabio','123676767','fabio@gmail.com');
Insert into PESSOA (NOME,NIF,EMAIL) values ('Daniela','731253123','daniela@gmail.com');
Insert into PESSOA (NOME,NIF,EMAIL) values ('Ana','888765123','ana@gmail.com');
Insert into PESSOA (NOME,NIF,EMAIL) values ('Priscila','999777123','priscila@gmail.com');
Insert into PESSOA (NOME,NIF,EMAIL) values ('Mário','949747124','mario@gmail.com');
Insert into PESSOA (NOME,NIF,EMAIL) values ('Filipe','545745124','filipe@gmail.com');
Insert into PESSOA (NOME,NIF,EMAIL) values ('Miguel','443247199','miguel@gmail.com');
Insert into PESSOA (NOME,NIF,EMAIL) values ('Gabriel','145735188','gabriel@gmail.com');
Insert into PESSOA (NOME,NIF,EMAIL) values ('Bernardo','998811189','bernardo@gmail.com');

--Table CLIENTE
Insert into CLIENTE (IDCLIENTE,NIVEL,PLAFOND,IDMORADAENTREGA,IDMORADA,CODIGOHUB) values ('1','C','1000','1','1','CT99');
Insert into CLIENTE (IDCLIENTE,NIVEL,PLAFOND,IDMORADAENTREGA,IDMORADA,CODIGOHUB) values ('2','C','5000','2','2','CT99');
Insert into CLIENTE (IDCLIENTE,NIVEL,PLAFOND,IDMORADAENTREGA,IDMORADA,CODIGOHUB) values ('3','C','8000','3','3',null);
Insert into CLIENTE (IDCLIENTE,NIVEL,PLAFOND,IDMORADAENTREGA,IDMORADA,CODIGOHUB) values ('4','C','10000','4','3','CT98');
Insert into CLIENTE (IDCLIENTE,NIVEL,PLAFOND,IDMORADAENTREGA,IDMORADA,CODIGOHUB) values ('5','C','750','2','5','CT98');
Insert into CLIENTE (IDCLIENTE,NIVEL,PLAFOND,IDMORADAENTREGA,IDMORADA,CODIGOHUB) values ('6','C','20000','2','5','CT98');
Insert into CLIENTE (IDCLIENTE,NIVEL,PLAFOND,IDMORADAENTREGA,IDMORADA,CODIGOHUB) values ('7','C','20000','1','5','CT99');

--Table GESTORAGRICOLA
Insert into GESTORAGRICOLA (IDGESTORAGRICOLA) values ('8');
Insert into GESTORAGRICOLA (IDGESTORAGRICOLA) values ('9');
Insert into GESTORAGRICOLA (IDGESTORAGRICOLA) values ('10');

--Table SETOR
Insert into SETOR (DESIGNACAO,AREA,IDGESTORAGRICOLA) values ('Campo de Batatas','25','8');
Insert into SETOR (DESIGNACAO,AREA,IDGESTORAGRICOLA) values ('Campo de Cebolas','30','8');
Insert into SETOR (DESIGNACAO,AREA,IDGESTORAGRICOLA) values ('Campo de Cenouras','27','8');
Insert into SETOR (DESIGNACAO,AREA,IDGESTORAGRICOLA) values ('Campo de Feijao','22','9');
Insert into SETOR (DESIGNACAO,AREA,IDGESTORAGRICOLA) values ('Campo de Batatas/Cebolas','32','9');
Insert into SETOR (DESIGNACAO,AREA,IDGESTORAGRICOLA) values ('Campo de Macieiras','33','9');
Insert into SETOR (DESIGNACAO,AREA,IDGESTORAGRICOLA) values ('Campo de Laranjeiras','32','10');
Insert into SETOR (DESIGNACAO,AREA,IDGESTORAGRICOLA) values ('Campo de Trigo','50','10');
Insert into SETOR (DESIGNACAO,AREA,IDGESTORAGRICOLA) values ('Campo de Ervilhaca ','34','8');
Insert into SETOR (DESIGNACAO,AREA,IDGESTORAGRICOLA) values ('Campo de Inhame','31','10');

--Table CULTURA
Insert into CULTURA (NOMECULTURA,TIPOCULTURA,DESIGNACAO,IDSETOR) values ('Batatas','permanente','Espécie Vegetal','1');
Insert into CULTURA (NOMECULTURA,TIPOCULTURA,DESIGNACAO,IDSETOR) values ('Cebolas','temporario','Espécie Vegetal','2');
Insert into CULTURA (NOMECULTURA,TIPOCULTURA,DESIGNACAO,IDSETOR) values ('Cenouras','permanente','Espécie Vegetal','3');
Insert into CULTURA (NOMECULTURA,TIPOCULTURA,DESIGNACAO,IDSETOR) values ('Feijao','temporario','Espécie Vegetal','4');
Insert into CULTURA (NOMECULTURA,TIPOCULTURA,DESIGNACAO,IDSETOR) values ('Batatas','temporario','Espécie Vegetal','5');
Insert into CULTURA (NOMECULTURA,TIPOCULTURA,DESIGNACAO,IDSETOR) values ('Cebolas','temporario','Espécie Vegetal','5');
Insert into CULTURA (NOMECULTURA,TIPOCULTURA,DESIGNACAO,IDSETOR) values ('Macieiras','permanente','Espécie Vegetal','6');
Insert into CULTURA (NOMECULTURA,TIPOCULTURA,DESIGNACAO,IDSETOR) values ('Laranjeiras','permanente','Produzir Adubação Verde','7');
Insert into CULTURA (NOMECULTURA,TIPOCULTURA,DESIGNACAO,IDSETOR) values ('Trigo','temporario','Produzir Adubação Verde','8');
Insert into CULTURA (NOMECULTURA,TIPOCULTURA,DESIGNACAO,IDSETOR) values ('Ervilhaca','temporario','Espécie Vegetal','9');
Insert into CULTURA (NOMECULTURA,TIPOCULTURA,DESIGNACAO,IDSETOR) values ('Inhame','temporario','Espécie Vegetal','10');

--Table SAFRA
Insert into SAFRA (IDCULTURA,LUCRO,QUANTIDADE,PERIODICIDADE,AREASAFRA) values ('1','1500','100','10','30');
Insert into SAFRA (IDCULTURA,LUCRO,QUANTIDADE,PERIODICIDADE,AREASAFRA) values ('2','500','40','12','50');
Insert into SAFRA (IDCULTURA,LUCRO,QUANTIDADE,PERIODICIDADE,AREASAFRA) values ('3','567','100','7','20');
Insert into SAFRA (IDCULTURA,LUCRO,QUANTIDADE,PERIODICIDADE,AREASAFRA) values ('4','867','123','5','30');
Insert into SAFRA (IDCULTURA,LUCRO,QUANTIDADE,PERIODICIDADE,AREASAFRA) values ('5','123','50','4','37');
Insert into SAFRA (IDCULTURA,LUCRO,QUANTIDADE,PERIODICIDADE,AREASAFRA) values ('6','400','67','20','40');
Insert into SAFRA (IDCULTURA,LUCRO,QUANTIDADE,PERIODICIDADE,AREASAFRA) values ('8','467','1234','12','80');

--Table FATORPRODUCAO
Insert into FATORPRODUCAO (NOMECOMERCIAL,FORMULACAO,CLASSIFICACAOFATOR,FORNECEDOR) values ('Florlis Energy Azul','liquido','fertilizantes','Florlis');
Insert into FATORPRODUCAO (NOMECOMERCIAL,FORMULACAO,CLASSIFICACAOFATOR,FORNECEDOR) values ('Florlis Energy Verde','liquido','adubo','Florlis');
Insert into FATORPRODUCAO (NOMECOMERCIAL,FORMULACAO,CLASSIFICACAOFATOR,FORNECEDOR) values ('Florlis Energy Laranja','liquido','correctivos','Florlis');
Insert into FATORPRODUCAO (NOMECOMERCIAL,FORMULACAO,CLASSIFICACAOFATOR,FORNECEDOR) values ('Florlis Eco','liquido','produtos fitofarmacos','Florlis');
Insert into FATORPRODUCAO (NOMECOMERCIAL,FORMULACAO,CLASSIFICACAOFATOR,FORNECEDOR) values ('Bio Nova Azul','granulado','fertilizantes','Bio Nova');
Insert into FATORPRODUCAO (NOMECOMERCIAL,FORMULACAO,CLASSIFICACAOFATOR,FORNECEDOR) values ('Bio Nova Verde','po','fertilizantes','Bio Nova');
Insert into FATORPRODUCAO (NOMECOMERCIAL,FORMULACAO,CLASSIFICACAOFATOR,FORNECEDOR) values ('Bio Nova Eco','granulado','correctivos','Bio Nova');
Insert into FATORPRODUCAO (NOMECOMERCIAL,FORMULACAO,CLASSIFICACAOFATOR,FORNECEDOR) values ('Bio Nova Laranja','po','adubo','Bio Nova');

--Table FICHATECNICA
Insert into FICHATECNICA (IDFATORPRODUCAO,CATEGORIA) values ('1','SUBSTANCIAS ORGANICAS');
Insert into FICHATECNICA (IDFATORPRODUCAO,CATEGORIA) values ('2','ELEMENTOS NUTRITIVOS ORGANICOS');
Insert into FICHATECNICA (IDFATORPRODUCAO,CATEGORIA) values ('3','ELEMENTOS NUTRITIVOS ORGANICOS');
Insert into FICHATECNICA (IDFATORPRODUCAO,CATEGORIA) values ('4','SUBSTANCIAS ORGANICAS');
Insert into FICHATECNICA (IDFATORPRODUCAO,CATEGORIA) values ('5','ELEMENTOS NUTRITIVOS ORGANICOS');
Insert into FICHATECNICA (IDFATORPRODUCAO,CATEGORIA) values ('6','SUBSTANCIAS ORGANICAS');
Insert into FICHATECNICA (IDFATORPRODUCAO,CATEGORIA) values ('7','ELEMENTOS NUTRITIVOS ORGANICOS');
Insert into FICHATECNICA (IDFATORPRODUCAO,CATEGORIA) values ('8','SUBSTANCIAS ORGANICAS');

--Table ELEMENTO
Insert into ELEMENTO (SUBSTANCIA,QUANTIDADE,UNIDADE) values ('Azoto','6','%');
Insert into ELEMENTO (SUBSTANCIA,QUANTIDADE,UNIDADE) values ('Pentóxido de fósforo','15','%');
Insert into ELEMENTO (SUBSTANCIA,QUANTIDADE,UNIDADE) values ('Óxido de potássio','2','%');
Insert into ELEMENTO (SUBSTANCIA,QUANTIDADE,UNIDADE) values ('Óxido de cálcio','10','%');
Insert into ELEMENTO (SUBSTANCIA,QUANTIDADE,UNIDADE) values ('Óxido de magnésio','2','%');
Insert into ELEMENTO (SUBSTANCIA,QUANTIDADE,UNIDADE) values ('Carbono de origem biológica',0.35,'%');
Insert into ELEMENTO (SUBSTANCIA,QUANTIDADE,UNIDADE) values ('Matéria Orgânica',0.60,'%');
Insert into ELEMENTO (SUBSTANCIA,QUANTIDADE,UNIDADE) values ('Ácidos húmicos','4','%');
Insert into ELEMENTO (SUBSTANCIA,QUANTIDADE,UNIDADE) values ('Ácidos fúlvicos','8','%');

--Table FICHATECNICAELEMENTO
Insert into FICHATECNICAELEMENTO (IDFICHATECNICA,IDELEMENTO) values ('1','1');
Insert into FICHATECNICAELEMENTO (IDFICHATECNICA,IDELEMENTO) values ('1','2');
Insert into FICHATECNICAELEMENTO (IDFICHATECNICA,IDELEMENTO) values ('1','5');
Insert into FICHATECNICAELEMENTO (IDFICHATECNICA,IDELEMENTO) values ('2','3');
Insert into FICHATECNICAELEMENTO (IDFICHATECNICA,IDELEMENTO) values ('2','4');
Insert into FICHATECNICAELEMENTO (IDFICHATECNICA,IDELEMENTO) values ('2','7');
Insert into FICHATECNICAELEMENTO (IDFICHATECNICA,IDELEMENTO) values ('3','2');
Insert into FICHATECNICAELEMENTO (IDFICHATECNICA,IDELEMENTO) values ('3','8');
Insert into FICHATECNICAELEMENTO (IDFICHATECNICA,IDELEMENTO) values ('4','5');
Insert into FICHATECNICAELEMENTO (IDFICHATECNICA,IDELEMENTO) values ('4','9');
Insert into FICHATECNICAELEMENTO (IDFICHATECNICA,IDELEMENTO) values ('5','1');
Insert into FICHATECNICAELEMENTO (IDFICHATECNICA,IDELEMENTO) values ('5','2');
Insert into FICHATECNICAELEMENTO (IDFICHATECNICA,IDELEMENTO) values ('5','3');
Insert into FICHATECNICAELEMENTO (IDFICHATECNICA,IDELEMENTO) values ('6','7');
Insert into FICHATECNICAELEMENTO (IDFICHATECNICA,IDELEMENTO) values ('6','8');
Insert into FICHATECNICAELEMENTO (IDFICHATECNICA,IDELEMENTO) values ('6','9');
Insert into FICHATECNICAELEMENTO (IDFICHATECNICA,IDELEMENTO) values ('7','3');
Insert into FICHATECNICAELEMENTO (IDFICHATECNICA,IDELEMENTO) values ('7','5');
Insert into FICHATECNICAELEMENTO (IDFICHATECNICA,IDELEMENTO) values ('7','8');
Insert into FICHATECNICAELEMENTO (IDFICHATECNICA,IDELEMENTO) values ('8','8');
Insert into FICHATECNICAELEMENTO (IDFICHATECNICA,IDELEMENTO) values ('8','9');

--Table OPERACOESAGRICOLAS
Insert into OPERACOESAGRICOLAS (IDSETOR,TIPOOPERACAO,DATAREALIZACAO,ESTADOOPERACAO) values ('1','irrigação',to_date('22.12.27','RR.MM.DD'),'agendada');
Insert into OPERACOESAGRICOLAS (IDSETOR,TIPOOPERACAO,DATAREALIZACAO,ESTADOOPERACAO) values ('2','adubação',to_date('22.12.28','RR.MM.DD'),'cancelada');
Insert into OPERACOESAGRICOLAS (IDSETOR,TIPOOPERACAO,DATAREALIZACAO,ESTADOOPERACAO) values ('3','aplicação',to_date('22.12.29','RR.MM.DD'),'agendada');
Insert into OPERACOESAGRICOLAS (IDSETOR,TIPOOPERACAO,DATAREALIZACAO,ESTADOOPERACAO) values ('10','adubação',to_date('22.12.26','RR.MM.DD'),'agendada');
Insert into OPERACOESAGRICOLAS (IDSETOR,TIPOOPERACAO,DATAREALIZACAO,ESTADOOPERACAO) values ('9','aplicação',to_date('23.01.18','RR.MM.DD'),'agendada');
Insert into OPERACOESAGRICOLAS (IDSETOR,TIPOOPERACAO,DATAREALIZACAO,ESTADOOPERACAO) values ('8','irrigação',to_date('23.01.24','RR.MM.DD'),'agendada');
Insert into OPERACOESAGRICOLAS (IDSETOR,TIPOOPERACAO,DATAREALIZACAO,ESTADOOPERACAO) values ('4','irrigação',to_date('22.12.23','RR.MM.DD'),'realizada');
Insert into OPERACOESAGRICOLAS (IDSETOR,TIPOOPERACAO,DATAREALIZACAO,ESTADOOPERACAO) values ('5','adubação',to_date('22.12.31','RR.MM.DD'),'agendada');
Insert into OPERACOESAGRICOLAS (IDSETOR,TIPOOPERACAO,DATAREALIZACAO,ESTADOOPERACAO) values ('6','aplicação',to_date('23.01.19','RR.MM.DD'),'agendada');
Insert into OPERACOESAGRICOLAS (IDSETOR,TIPOOPERACAO,DATAREALIZACAO,ESTADOOPERACAO) values ('7','irrigação',to_date('22.12.28','RR.MM.DD'),'agendada');
Insert into OPERACOESAGRICOLAS (IDSETOR,TIPOOPERACAO,DATAREALIZACAO,ESTADOOPERACAO) values ('4','aplicação',to_date('22.10.06','RR.MM.DD'),'cancelada');
Insert into OPERACOESAGRICOLAS (IDSETOR,TIPOOPERACAO,DATAREALIZACAO,ESTADOOPERACAO) values ('2','aplicação',to_date('22.12.16','RR.MM.DD'),'cancelada');
Insert into OPERACOESAGRICOLAS (IDSETOR,TIPOOPERACAO,DATAREALIZACAO,ESTADOOPERACAO) values ('10','irrigação',to_date('22.10.19','RR.MM.DD'),'realizada');

--Table OPERACAOFATORESPRODUCAOAPLICADOS
Insert into OPERACAOFATORESPRODUCAOAPLICADOS (IDOPERACAO,IDFATORPRODUCAO,QUANTIDADEAPLICADA,FORMAAPLICACAO) values ('1','2','10.7','foliar');
Insert into OPERACAOFATORESPRODUCAOAPLICADOS (IDOPERACAO,IDFATORPRODUCAO,QUANTIDADEAPLICADA,FORMAAPLICACAO) values ('2','3','8','fertirrega');
Insert into OPERACAOFATORESPRODUCAOAPLICADOS (IDOPERACAO,IDFATORPRODUCAO,QUANTIDADEAPLICADA,FORMAAPLICACAO) values ('3','4','12.4','no solo');
Insert into OPERACAOFATORESPRODUCAOAPLICADOS (IDOPERACAO,IDFATORPRODUCAO,QUANTIDADEAPLICADA,FORMAAPLICACAO) values ('4','5','9.7','no solo');
Insert into OPERACAOFATORESPRODUCAOAPLICADOS (IDOPERACAO,IDFATORPRODUCAO,QUANTIDADEAPLICADA,FORMAAPLICACAO) values ('5','4','5.4','foliar');
Insert into OPERACAOFATORESPRODUCAOAPLICADOS (IDOPERACAO,IDFATORPRODUCAO,QUANTIDADEAPLICADA,FORMAAPLICACAO) values ('6','2','14.5','foliar');
Insert into OPERACAOFATORESPRODUCAOAPLICADOS (IDOPERACAO,IDFATORPRODUCAO,QUANTIDADEAPLICADA,FORMAAPLICACAO) values ('7','1','9.6','fertirrega');
Insert into OPERACAOFATORESPRODUCAOAPLICADOS (IDOPERACAO,IDFATORPRODUCAO,QUANTIDADEAPLICADA,FORMAAPLICACAO) values ('8','6','18.2','no solo');
Insert into OPERACAOFATORESPRODUCAOAPLICADOS (IDOPERACAO,IDFATORPRODUCAO,QUANTIDADEAPLICADA,FORMAAPLICACAO) values ('9','7','10.1','fertirrega');
Insert into OPERACAOFATORESPRODUCAOAPLICADOS (IDOPERACAO,IDFATORPRODUCAO,QUANTIDADEAPLICADA,FORMAAPLICACAO) values ('10','3','11.7','no solo');
Insert into OPERACAOFATORESPRODUCAOAPLICADOS (IDOPERACAO,IDFATORPRODUCAO,QUANTIDADEAPLICADA,FORMAAPLICACAO) values ('11','4','7.4','no solo');
Insert into OPERACAOFATORESPRODUCAOAPLICADOS (IDOPERACAO,IDFATORPRODUCAO,QUANTIDADEAPLICADA,FORMAAPLICACAO) values ('12','7','12.8','no solo');
Insert into OPERACAOFATORESPRODUCAOAPLICADOS (IDOPERACAO,IDFATORPRODUCAO,QUANTIDADEAPLICADA,FORMAAPLICACAO) values ('9','5','8.3','fertirrega');
Insert into OPERACAOFATORESPRODUCAOAPLICADOS (IDOPERACAO,IDFATORPRODUCAO,QUANTIDADEAPLICADA,FORMAAPLICACAO) values ('4','7','9.2','no solo');
Insert into OPERACAOFATORESPRODUCAOAPLICADOS (IDOPERACAO,IDFATORPRODUCAO,QUANTIDADEAPLICADA,FORMAAPLICACAO) values ('9','8','5.9','fertirrega');
Insert into OPERACAOFATORESPRODUCAOAPLICADOS (IDOPERACAO,IDFATORPRODUCAO,QUANTIDADEAPLICADA,FORMAAPLICACAO) values ('13','6','11.5','foliar');

--Table RESTRICOESSETORFATORPRODUCAO
Insert into RESTRICOESSETORFATORPRODUCAO (IDSETOR,IDFATORPRODUCAO,DATAINICIORESTRICAO,DATAFIMRESTRICAO) values ('10','4',to_date('22.12.24','RR.MM.DD'),to_date('22.12.29','RR.MM.DD'));
Insert into RESTRICOESSETORFATORPRODUCAO (IDSETOR,IDFATORPRODUCAO,DATAINICIORESTRICAO,DATAFIMRESTRICAO) values ('5','8',to_date('22.12.26','RR.MM.DD'),to_date('23.01.06','RR.MM.DD'));
Insert into RESTRICOESSETORFATORPRODUCAO (IDSETOR,IDFATORPRODUCAO,DATAINICIORESTRICAO,DATAFIMRESTRICAO) values ('7','5',to_date('22.12.23','RR.MM.DD'),to_date('23.01.01','RR.MM.DD'));
Insert into RESTRICOESSETORFATORPRODUCAO (IDSETOR,IDFATORPRODUCAO,DATAINICIORESTRICAO,DATAFIMRESTRICAO) values ('1','7',to_date('22.12.20','RR.MM.DD'),to_date('22.12.26','RR.MM.DD'));
Insert into RESTRICOESSETORFATORPRODUCAO (IDSETOR,IDFATORPRODUCAO,DATAINICIORESTRICAO,DATAFIMRESTRICAO) values ('10','6',to_date('22.11.10','RR.MM.DD'),to_date('22.11.16','RR.MM.DD'));
Insert into RESTRICOESSETORFATORPRODUCAO (IDSETOR,IDFATORPRODUCAO,DATAINICIORESTRICAO,DATAFIMRESTRICAO) values ('2','3',to_date('22.12.17','RR.MM.DD'),to_date('22.12.24','RR.MM.DD'));
Insert into RESTRICOESSETORFATORPRODUCAO (IDSETOR,IDFATORPRODUCAO,DATAINICIORESTRICAO,DATAFIMRESTRICAO) values ('10','2',to_date('23.01.09','RR.MM.DD'),to_date('23.01.11','RR.MM.DD'));
Insert into RESTRICOESSETORFATORPRODUCAO (IDSETOR,IDFATORPRODUCAO,DATAINICIORESTRICAO,DATAFIMRESTRICAO) values ('1','2',to_date('22.12.25','RR.MM.DD'),to_date('22.12.31','RR.MM.DD'));
Insert into RESTRICOESSETORFATORPRODUCAO (IDSETOR,IDFATORPRODUCAO,DATAINICIORESTRICAO,DATAFIMRESTRICAO) values ('10','5',to_date('22.12.21','RR.MM.DD'),to_date('22.12.30','RR.MM.DD'));

--Table SISTEMAREGA
Insert into SISTEMAREGA (TIPODISTRIBUICAO,TIPOREGA,IDGESTORAGRICOLA) values ('aspersao','gravidade','8');
Insert into SISTEMAREGA (TIPODISTRIBUICAO,TIPOREGA,IDGESTORAGRICOLA) values ('aspersao','bombeada','8');
Insert into SISTEMAREGA (TIPODISTRIBUICAO,TIPOREGA,IDGESTORAGRICOLA) values ('gotejamento','gravidade','8');
Insert into SISTEMAREGA (TIPODISTRIBUICAO,TIPOREGA,IDGESTORAGRICOLA) values ('gotejamento','bombeada','8');
Insert into SISTEMAREGA (TIPODISTRIBUICAO,TIPOREGA,IDGESTORAGRICOLA) values ('pulverizacao','gravidade','8');
Insert into SISTEMAREGA (TIPODISTRIBUICAO,TIPOREGA,IDGESTORAGRICOLA) values ('pulverizacao','bombeada','8');
Insert into SISTEMAREGA (TIPODISTRIBUICAO,TIPOREGA,IDGESTORAGRICOLA) values ('aspersao','gravidade','9');
Insert into SISTEMAREGA (TIPODISTRIBUICAO,TIPOREGA,IDGESTORAGRICOLA) values ('gotejamento','gravidade','9');

--Table PLANOREGA
Insert into PLANOREGA (PARCELASREGA,TEMPOREGA,PERIODICIDADE) values ('5','5','semanal');
Insert into PLANOREGA (PARCELASREGA,TEMPOREGA,PERIODICIDADE) values ('6','10','semanal');
Insert into PLANOREGA (PARCELASREGA,TEMPOREGA,PERIODICIDADE) values ('10','8','diario');
Insert into PLANOREGA (PARCELASREGA,TEMPOREGA,PERIODICIDADE) values ('9','4','semanal');
Insert into PLANOREGA (PARCELASREGA,TEMPOREGA,PERIODICIDADE) values ('6','7','semanal');
Insert into PLANOREGA (PARCELASREGA,TEMPOREGA,PERIODICIDADE) values ('8','12','diario');
Insert into PLANOREGA (PARCELASREGA,TEMPOREGA,PERIODICIDADE) values ('12','11','diario');
Insert into PLANOREGA (PARCELASREGA,TEMPOREGA,PERIODICIDADE) values ('13','6','mensal');

--Table PlanoRegaCultura
Insert into PLANOREGACULTURA (IDCULTURA,IDPLANOREGA) values ('1','1');
Insert into PLANOREGACULTURA (IDCULTURA,IDPLANOREGA) values ('2','2');
Insert into PLANOREGACULTURA (IDCULTURA,IDPLANOREGA) values ('3','3');
Insert into PLANOREGACULTURA (IDCULTURA,IDPLANOREGA) values ('4','4');
Insert into PLANOREGACULTURA (IDCULTURA,IDPLANOREGA) values ('5','5');
Insert into PLANOREGACULTURA (IDCULTURA,IDPLANOREGA) values ('6','6');
Insert into PLANOREGACULTURA (IDCULTURA,IDPLANOREGA) values ('7','7');
Insert into PLANOREGACULTURA (IDCULTURA,IDPLANOREGA) values ('8','8');

--Table CONTROLADOR
Insert into CONTROLADOR (IDSISTEMAREGA,IDPLANOREGA) values ('1','5');
Insert into CONTROLADOR (IDSISTEMAREGA,IDPLANOREGA) values ('2','6');
Insert into CONTROLADOR (IDSISTEMAREGA,IDPLANOREGA) values ('3','1');
Insert into CONTROLADOR (IDSISTEMAREGA,IDPLANOREGA) values ('4','2');
Insert into CONTROLADOR (IDSISTEMAREGA,IDPLANOREGA) values ('5','3');
Insert into CONTROLADOR (IDSISTEMAREGA,IDPLANOREGA) values ('6','8');
Insert into CONTROLADOR (IDSISTEMAREGA,IDPLANOREGA) values ('7','7');
Insert into CONTROLADOR (IDSISTEMAREGA,IDPLANOREGA) values ('8','4');

--Table PLANOANUAL
Insert into PLANOANUAL (CORRECOESMINERAIS,FERTILIZACAO,NECESSIDADEREGA,REALIZADOVIA,ANO) values ('E necessario aplicar produtos minerais de 5 em 5 dias','Usar produtos de fertelizacao','5','sistema de rega','2022');
Insert into PLANOANUAL (CORRECOESMINERAIS,FERTILIZACAO,NECESSIDADEREGA,REALIZADOVIA,ANO) values ('E necessario aplicar produtos minerais de 10 em 10 dias','Usar produtos de fertelizacao','10','aplicacao direta','2021');

--Table APLICACOESREALIZAR
Insert into APLICACOESREALIZAR (IDCULTURA,IDPLANOANUAL,QUANTIDADE,DATAPREVISTA) values ('1','1','10',to_date('22.11.24','RR.MM.DD'));
Insert into APLICACOESREALIZAR (IDCULTURA,IDPLANOANUAL,QUANTIDADE,DATAPREVISTA) values ('10','2','20',to_date('22.11.24','RR.MM.DD'));
Insert into APLICACOESREALIZAR (IDCULTURA,IDPLANOANUAL,QUANTIDADE,DATAPREVISTA) values ('2','1','5',to_date('22.11.30','RR.MM.DD'));
Insert into APLICACOESREALIZAR (IDCULTURA,IDPLANOANUAL,QUANTIDADE,DATAPREVISTA) values ('8','2','15',to_date('23.07.07','RR.MM.DD'));
Insert into APLICACOESREALIZAR (IDCULTURA,IDPLANOANUAL,QUANTIDADE,DATAPREVISTA) values ('3','2','30',to_date('23.01.23','RR.MM.DD'));
Insert into APLICACOESREALIZAR (IDCULTURA,IDPLANOANUAL,QUANTIDADE,DATAPREVISTA) values ('7','2','15',to_date('23.08.08','RR.MM.DD'));
Insert into APLICACOESREALIZAR (IDCULTURA,IDPLANOANUAL,QUANTIDADE,DATAPREVISTA) values ('4','1','20',to_date('22.12.31','RR.MM.DD'));
Insert into APLICACOESREALIZAR (IDCULTURA,IDPLANOANUAL,QUANTIDADE,DATAPREVISTA) values ('6','1','10',to_date('23.07.07','RR.MM.DD'));
Insert into APLICACOESREALIZAR (IDCULTURA,IDPLANOANUAL,QUANTIDADE,DATAPREVISTA) values ('5','1','8',to_date('23.05.06','RR.MM.DD'));
Insert into APLICACOESREALIZAR (IDCULTURA,IDPLANOANUAL,QUANTIDADE,DATAPREVISTA) values ('9','1','6',to_date('23.09.30','RR.MM.DD'));

--Table PRODUTOAGRICOLA
Insert into PRODUTOAGRICOLA (DESIGNACAO) values ('Batata');
Insert into PRODUTOAGRICOLA (DESIGNACAO) values ('Cebola');
Insert into PRODUTOAGRICOLA (DESIGNACAO) values ('Cenoura');
Insert into PRODUTOAGRICOLA (DESIGNACAO) values ('Feijao');
Insert into PRODUTOAGRICOLA (DESIGNACAO) values ('Maça');
Insert into PRODUTOAGRICOLA (DESIGNACAO) values ('Laranja');

--Table CULTURAPRODUTO
Insert into CULTURAPRODUTO (IDCULTURA,IDPRODUTO) values ('1','1'); 
Insert into CULTURAPRODUTO (IDCULTURA,IDPRODUTO) values ('2','2'); 
Insert into CULTURAPRODUTO (IDCULTURA,IDPRODUTO) values ('3','3'); 
Insert into CULTURAPRODUTO (IDCULTURA,IDPRODUTO) values ('4','4'); 
Insert into CULTURAPRODUTO (IDCULTURA,IDPRODUTO) values ('5','1'); 
Insert into CULTURAPRODUTO (IDCULTURA,IDPRODUTO) values ('7','5'); 
Insert into CULTURAPRODUTO (IDCULTURA,IDPRODUTO) values ('7','6'); 

--Table GESTORAGRICOLACLIENTE
Insert into GESTORAGRICOLACLIENTE (IDGESTORAGRICOLA,IDCLIENTE) values ('8','1');
Insert into GESTORAGRICOLACLIENTE (IDGESTORAGRICOLA,IDCLIENTE) values ('8','2');
Insert into GESTORAGRICOLACLIENTE (IDGESTORAGRICOLA,IDCLIENTE) values ('8','3');
Insert into GESTORAGRICOLACLIENTE (IDGESTORAGRICOLA,IDCLIENTE) values ('9','4');
Insert into GESTORAGRICOLACLIENTE (IDGESTORAGRICOLA,IDCLIENTE) values ('9','5');
Insert into GESTORAGRICOLACLIENTE (IDGESTORAGRICOLA,IDCLIENTE) values ('10','6');
Insert into GESTORAGRICOLACLIENTE (IDGESTORAGRICOLA,IDCLIENTE) values ('10','7');

--Table ENCOMENDACLIENTE
Insert into ENCOMENDACLIENTE (IDCLIENTE,DATAPEDIDO,DATAVENCIMENTO,DATAPAGAMENTO,DATAENTREGA,ESTADOPEDIDO,VALORTOTAL,IDMORADAENTREGA,CODIGOHUBENTREGA) values ('1',to_date('21.11.24','RR.MM.DD'),to_date('22.11.24','RR.MM.DD'),to_date('22.11.24','RR.MM.DD'),null,'paga','1000',1,null);
Insert into ENCOMENDACLIENTE (IDCLIENTE,DATAPEDIDO,DATAVENCIMENTO,DATAPAGAMENTO,DATAENTREGA,ESTADOPEDIDO,VALORTOTAL,IDMORADAENTREGA,CODIGOHUBENTREGA) values ('2',to_date('21.11.23','RR.MM.DD'),to_date('22.11.24','RR.MM.DD'),to_date('22.11.22','RR.MM.DD'),null,'paga','2000',2,null);
Insert into ENCOMENDACLIENTE (IDCLIENTE,DATAPEDIDO,DATAVENCIMENTO,DATAPAGAMENTO,DATAENTREGA,ESTADOPEDIDO,VALORTOTAL,IDMORADAENTREGA,CODIGOHUBENTREGA) values ('2',to_date('22.08.17','RR.MM.DD'),to_date('22.11.24','RR.MM.DD'),to_date('22.11.24','RR.MM.DD'),to_date('22.11.26','RR.MM.DD'),'paga','3000',2,null);
Insert into ENCOMENDACLIENTE (IDCLIENTE,DATAPEDIDO,DATAVENCIMENTO,DATAPAGAMENTO,DATAENTREGA,ESTADOPEDIDO,VALORTOTAL,IDMORADAENTREGA,CODIGOHUBENTREGA) values ('1',to_date('22.10.20','RR.MM.DD'),to_date('22.10.21','RR.MM.DD'),to_date('22.11.21','RR.MM.DD'),to_date('22.11.24','RR.MM.DD'),'paga','786',1,null);
Insert into ENCOMENDACLIENTE (IDCLIENTE,DATAPEDIDO,DATAVENCIMENTO,DATAPAGAMENTO,DATAENTREGA,ESTADOPEDIDO,VALORTOTAL,IDMORADAENTREGA,CODIGOHUBENTREGA) values ('1',to_date('22.09.14','RR.MM.DD'),to_date('22.11.24','RR.MM.DD'),null,null,'registada','232',1,null);
Insert into ENCOMENDACLIENTE (IDCLIENTE,DATAPEDIDO,DATAVENCIMENTO,DATAPAGAMENTO,DATAENTREGA,ESTADOPEDIDO,VALORTOTAL,IDMORADAENTREGA,CODIGOHUBENTREGA) values ('2',to_date('22.03.23','RR.MM.DD'),to_date('22.11.24','RR.MM.DD'),null,null,'registada','53',null,'CT99');
Insert into ENCOMENDACLIENTE (IDCLIENTE,DATAPEDIDO,DATAVENCIMENTO,DATAPAGAMENTO,DATAENTREGA,ESTADOPEDIDO,VALORTOTAL,IDMORADAENTREGA,CODIGOHUBENTREGA) values ('3',to_date('22.09.24','RR.MM.DD'),to_date('23.11.15','RR.MM.DD'),null,to_date('22.09.29','RR.MM.DD'),'entregue','765',null,'CT98');
Insert into ENCOMENDACLIENTE (IDCLIENTE,DATAPEDIDO,DATAVENCIMENTO,DATAPAGAMENTO,DATAENTREGA,ESTADOPEDIDO,VALORTOTAL,IDMORADAENTREGA,CODIGOHUBENTREGA) values ('4',to_date('22.10.13','RR.MM.DD'),to_date('22.11.09','RR.MM.DD'),null,to_date('22.10.18','RR.MM.DD'),'entregue','123',null,'CT99');
Insert into ENCOMENDACLIENTE (IDCLIENTE,DATAPEDIDO,DATAVENCIMENTO,DATAPAGAMENTO,DATAENTREGA,ESTADOPEDIDO,VALORTOTAL,IDMORADAENTREGA,CODIGOHUBENTREGA) values ('5',to_date('22.01.11','RR.MM.DD'),to_date('22.06.09','RR.MM.DD'),null,to_date('22.01.20','RR.MM.DD'),'entregue','446',null,'CT98');
Insert into ENCOMENDACLIENTE (IDCLIENTE,DATAPEDIDO,DATAVENCIMENTO,DATAPAGAMENTO,DATAENTREGA,ESTADOPEDIDO,VALORTOTAL,IDMORADAENTREGA,CODIGOHUBENTREGA) values ('6',to_date('22.04.20','RR.MM.DD'),to_date('22.11.27','RR.MM.DD'),null,to_date('22.05.02','RR.MM.DD'),'entregue','980',null,'CT98');
Insert into ENCOMENDACLIENTE (IDCLIENTE,DATAPEDIDO,DATAVENCIMENTO,DATAPAGAMENTO,DATAENTREGA,ESTADOPEDIDO,VALORTOTAL,IDMORADAENTREGA,CODIGOHUBENTREGA) values ('7',to_date('21.11.30','RR.MM.DD'),to_date('22.11.10','RR.MM.DD'),null,to_date('22.12.07','RR.MM.DD'),'entregue','30',null,'CT99');
Insert into ENCOMENDACLIENTE (IDCLIENTE,DATAPEDIDO,DATAVENCIMENTO,DATAPAGAMENTO,DATAENTREGA,ESTADOPEDIDO,VALORTOTAL,IDMORADAENTREGA,CODIGOHUBENTREGA) values ('4',to_date('21.11.30','RR.MM.DD'),to_date('22.11.10','RR.MM.DD'),null,to_date('22.12.07','RR.MM.DD'),'registada','100',null,null);
Insert into ENCOMENDACLIENTE (IDCLIENTE,DATAPEDIDO,DATAVENCIMENTO,DATAPAGAMENTO,DATAENTREGA,ESTADOPEDIDO,VALORTOTAL,IDMORADAENTREGA,CODIGOHUBENTREGA) values ('5',to_date('21.11.30','RR.MM.DD'),to_date('22.11.10','RR.MM.DD'),null,to_date('22.12.07','RR.MM.DD'),'registada','200',null,null);


--Table ENCOMENDAPRODUTO
Insert into ENCOMENDAPRODUTO (IDENCOMENDA,IDPRODUTO,QUANTIDADE) values ('1','1','15');
Insert into ENCOMENDAPRODUTO (IDENCOMENDA,IDPRODUTO,QUANTIDADE) values ('1','2','12');
Insert into ENCOMENDAPRODUTO (IDENCOMENDA,IDPRODUTO,QUANTIDADE) values ('1','3','8');
Insert into ENCOMENDAPRODUTO (IDENCOMENDA,IDPRODUTO,QUANTIDADE) values ('2','4','19');
Insert into ENCOMENDAPRODUTO (IDENCOMENDA,IDPRODUTO,QUANTIDADE) values ('3','5','20');
Insert into ENCOMENDAPRODUTO (IDENCOMENDA,IDPRODUTO,QUANTIDADE) values ('4','5','5');
Insert into ENCOMENDAPRODUTO (IDENCOMENDA,IDPRODUTO,QUANTIDADE) values ('5','5','4');
Insert into ENCOMENDAPRODUTO (IDENCOMENDA,IDPRODUTO,QUANTIDADE) values ('6','6','8');
Insert into ENCOMENDAPRODUTO (IDENCOMENDA,IDPRODUTO,QUANTIDADE) values ('7','6','11');
Insert into ENCOMENDAPRODUTO (IDENCOMENDA,IDPRODUTO,QUANTIDADE) values ('8','1','7');
Insert into ENCOMENDAPRODUTO (IDENCOMENDA,IDPRODUTO,QUANTIDADE) values ('9','2','9');
Insert into ENCOMENDAPRODUTO (IDENCOMENDA,IDPRODUTO,QUANTIDADE) values ('10','2','22');
Insert into ENCOMENDAPRODUTO (IDENCOMENDA,IDPRODUTO,QUANTIDADE) values ('11','3','18');
Insert into ENCOMENDAPRODUTO (IDENCOMENDA,IDPRODUTO,QUANTIDADE) values ('12','1','22');
Insert into ENCOMENDAPRODUTO (IDENCOMENDA,IDPRODUTO,QUANTIDADE) values ('13','6','18');

--Table INCIDENTE
Insert into INCIDENTE (IDCLIENTE,VALORDIVIDA,DATASANADO,DATAOCORRENCIA) values ('1','1000',to_date('22.11.24','RR.MM.DD'),to_date('22.10.20','RR.MM.DD'));
Insert into INCIDENTE (IDCLIENTE,VALORDIVIDA,DATASANADO,DATAOCORRENCIA) values ('2','1350',to_date('21.08.10','RR.MM.DD'),to_date('21.06.17','RR.MM.DD'));
Insert into INCIDENTE (IDCLIENTE,VALORDIVIDA,DATASANADO,DATAOCORRENCIA) values ('3','377',to_date('21.07.16','RR.MM.DD'),to_date('21.01.13','RR.MM.DD'));
Insert into INCIDENTE (IDCLIENTE,VALORDIVIDA,DATASANADO,DATAOCORRENCIA) values ('4','876',to_date('22.11.24','RR.MM.DD'),to_date('22.09.21','RR.MM.DD'));
Insert into INCIDENTE (IDCLIENTE,VALORDIVIDA,DATASANADO,DATAOCORRENCIA) values ('5','899',to_date('22.09.22','RR.MM.DD'),to_date('22.02.08','RR.MM.DD'));
Insert into INCIDENTE (IDCLIENTE,VALORDIVIDA,DATASANADO,DATAOCORRENCIA) values ('6','3',to_date('21.09.23','RR.MM.DD'),to_date('20.07.14','RR.MM.DD'));
Insert into INCIDENTE (IDCLIENTE,VALORDIVIDA,DATASANADO,DATAOCORRENCIA) values ('7','467',to_date('22.07.22','RR.MM.DD'),to_date('22.04.14','RR.MM.DD'));

--Table CONDUTOR
Insert into CONDUTOR (IDCONDUTOR) values ('13');
Insert into CONDUTOR (IDCONDUTOR) values ('14');
Insert into CONDUTOR (IDCONDUTOR) values ('15');

--Table TRANSPORTE
Insert into TRANSPORTE (IDCONDUTOR,IDPRODUTO,CODIGOHUB) values ('13','1','CT99');
Insert into TRANSPORTE (IDCONDUTOR,IDPRODUTO,CODIGOHUB) values ('13','2','CT99');
Insert into TRANSPORTE (IDCONDUTOR,IDPRODUTO,CODIGOHUB) values ('13','3','CT99');
Insert into TRANSPORTE (IDCONDUTOR,IDPRODUTO,CODIGOHUB) values ('14','4','CT98');
Insert into TRANSPORTE (IDCONDUTOR,IDPRODUTO,CODIGOHUB) values ('14','5','CT98');
Insert into TRANSPORTE (IDCONDUTOR,IDPRODUTO,CODIGOHUB) values ('15','6','CT98');

--Table CADERNOCAMPO
Insert into CADERNOCAMPO (IDGESTORAGRICOLA) values ('8');
Insert into CADERNOCAMPO (IDGESTORAGRICOLA) values ('9');
Insert into CADERNOCAMPO (IDGESTORAGRICOLA) values ('10');

--Table REGISTO
Insert into REGISTO (DATAREGISTO,PARCELA,QUANTIDADE,IDCADERNOCAMPO) values (to_date('22.11.24','RR.MM.DD'),'1','10','1');
Insert into REGISTO (DATAREGISTO,PARCELA,QUANTIDADE,IDCADERNOCAMPO) values (to_date('22.11.23','RR.MM.DD'),'2','5','1');
Insert into REGISTO (DATAREGISTO,PARCELA,QUANTIDADE,IDCADERNOCAMPO) values (to_date('22.11.21','RR.MM.DD'),'3','6','1');
Insert into REGISTO (DATAREGISTO,PARCELA,QUANTIDADE,IDCADERNOCAMPO) values (to_date('22.11.24','RR.MM.DD'),'4','7','2');
Insert into REGISTO (DATAREGISTO,PARCELA,QUANTIDADE,IDCADERNOCAMPO) values (to_date('22.11.24','RR.MM.DD'),'5','8','3');
Insert into REGISTO (DATAREGISTO,PARCELA,QUANTIDADE,IDCADERNOCAMPO) values (to_date('22.11.23','RR.MM.DD'),'5','10','3');
Insert into REGISTO (DATAREGISTO,PARCELA,QUANTIDADE,IDCADERNOCAMPO) values (to_date('22.11.23','RR.MM.DD'),'2','10','1');
Insert into REGISTO (DATAREGISTO,PARCELA,QUANTIDADE,IDCADERNOCAMPO) values (to_date('22.11.23','RR.MM.DD'),'2','20','1');
Insert into REGISTO (DATAREGISTO,PARCELA,QUANTIDADE,IDCADERNOCAMPO) values (to_date('22.11.23','RR.MM.DD'),'4','13','2');
Insert into REGISTO (DATAREGISTO,PARCELA,QUANTIDADE,IDCADERNOCAMPO) values (to_date('22.11.23','RR.MM.DD'),'4','8','2');
Insert into REGISTO (DATAREGISTO,PARCELA,QUANTIDADE,IDCADERNOCAMPO) values (to_date('22.11.23','RR.MM.DD'),'2','7','2');
Insert into REGISTO (DATAREGISTO,PARCELA,QUANTIDADE,IDCADERNOCAMPO) values (to_date('22.11.23','RR.MM.DD'),'1','17','3');

--Table REGISTOCOLHEITA
Insert into REGISTOCOLHEITA (IDREGISTO,PRODUTOCOLHEITA) values ('3','Batatas');
Insert into REGISTOCOLHEITA (IDREGISTO,PRODUTOCOLHEITA) values ('4','Cebolas');
Insert into REGISTOCOLHEITA (IDREGISTO,PRODUTOCOLHEITA) values ('7','Laranjas');
Insert into REGISTOCOLHEITA (IDREGISTO,PRODUTOCOLHEITA) values ('8','Feijoes');

--Table REGISTOFERTELIZACAO
Insert into REGISTOFERTELIZACAO (IDREGISTO,TIPOFERTELIZACAO) values ('1','Natural');
Insert into REGISTOFERTELIZACAO (IDREGISTO,TIPOFERTELIZACAO) values ('2','Orgânico');
Insert into REGISTOFERTELIZACAO (IDREGISTO,TIPOFERTELIZACAO) values ('9','Natural');
Insert into REGISTOFERTELIZACAO (IDREGISTO,TIPOFERTELIZACAO) values ('10','Orgânico');

--Table REGISTOREGA
Insert into REGISTOREGA (IDREGISTO,DESCRICAO) values ('5','Rega durou cerca de 8 minutos');
Insert into REGISTOREGA (IDREGISTO,DESCRICAO) values ('6','Rega durou cerca de 10 minutos');
Insert into REGISTOREGA (IDREGISTO,DESCRICAO) values ('11','Rega durou cerca de 7 minutos');
Insert into REGISTOREGA (IDREGISTO,DESCRICAO) values ('12','Rega durou cerca de 17 minutos');

--Table SENSOR
Insert into SENSOR (IDSENSOR,TIPOSENSOR,VALORREFERENCIA) values ('HS111','HS',7838976301);
Insert into SENSOR (IDSENSOR,TIPOSENSOR,VALORREFERENCIA) values ('PL111','PL',7838976302);
Insert into SENSOR (IDSENSOR,TIPOSENSOR,VALORREFERENCIA) values ('TS111','TS',7838976303);
Insert into SENSOR (IDSENSOR,TIPOSENSOR,VALORREFERENCIA) values ('VV111','VV',7838976304);
Insert into SENSOR (IDSENSOR,TIPOSENSOR,VALORREFERENCIA) values ('TA111','TA',7838976305);
Insert into SENSOR (IDSENSOR,TIPOSENSOR,VALORREFERENCIA) values ('HA111','HA',7838976306);
Insert into SENSOR (IDSENSOR,TIPOSENSOR,VALORREFERENCIA) values ('PA111','PA',7838976307);

--Table ESTACAOMETEOROLOGICA
Insert into ESTACAOMETEOROLOGICA (NOMEESTACAOMETEOROLOGICA) values ('Primavera');
Insert into ESTACAOMETEOROLOGICA (NOMEESTACAOMETEOROLOGICA) values ('Verão');
Insert into ESTACAOMETEOROLOGICA (NOMEESTACAOMETEOROLOGICA) values ('Outono');
Insert into ESTACAOMETEOROLOGICA (NOMEESTACAOMETEOROLOGICA) values ('Inverno');

--Table RESUMOMETEOROLOGICO
Insert into RESUMOMETEOROLOGICO (RESUMOSENSORES,RESUMOSOLO,DATARESUMO,IDCADERNOCAMPO,IDESTACAOMETEOROLOGICO) values ('Todos os sensores executaram bem as medicoes','Problemas com o Solo',to_date('22.12.16','RR.MM.DD'),'1','4');
Insert into RESUMOMETEOROLOGICO (RESUMOSENSORES,RESUMOSOLO,DATARESUMO,IDCADERNOCAMPO,IDESTACAOMETEOROLOGICO) values ('Problema com o sensor de temperatura','Solo muito bom durante o dia',to_date('22.07.22','RR.MM.DD'),'1','2');
Insert into RESUMOMETEOROLOGICO (RESUMOSENSORES,RESUMOSOLO,DATARESUMO,IDCADERNOCAMPO,IDESTACAOMETEOROLOGICO) values ('Problema com o sensor de vento','Solo muito bom durante a manhã',to_date('22.09.29','RR.MM.DD'),'2','3');
Insert into RESUMOMETEOROLOGICO (RESUMOSENSORES,RESUMOSOLO,DATARESUMO,IDCADERNOCAMPO,IDESTACAOMETEOROLOGICO) values ('Problema com o sensor da humidade','Solo muito bom durante a noite',to_date('22.03.31','RR.MM.DD'),'2','1');
Insert into RESUMOMETEOROLOGICO (RESUMOSENSORES,RESUMOSOLO,DATARESUMO,IDCADERNOCAMPO,IDESTACAOMETEOROLOGICO) values ('Todos os sensores executaram bem as medicoes','Problemas com o Solo',to_date('22.10.01','RR.MM.DD'),'3','3');
Insert into RESUMOMETEOROLOGICO (RESUMOSENSORES,RESUMOSOLO,DATARESUMO,IDCADERNOCAMPO,IDESTACAOMETEOROLOGICO) values ('Problema com o sensor de temperatura','Solo muito bom durante o dia',to_date('22.07.22','RR.MM.DD'),'3','2');

--Table SENSORMEDICOES
Insert into SENSORMEDICOES (IDSENSOR,VALORLIDO,INSTANTELEITURA) values ('HS111',010,to_date('18:11','HH24:MI'));
Insert into SENSORMEDICOES (IDSENSOR,VALORLIDO,INSTANTELEITURA) values ('PL111',030,to_date('18:45','HH24:MI'));
Insert into SENSORMEDICOES (IDSENSOR,VALORLIDO,INSTANTELEITURA) values ('TS111',100,to_date('10:22','HH24:MI'));
Insert into SENSORMEDICOES (IDSENSOR,VALORLIDO,INSTANTELEITURA) values ('VV111',037,to_date('20:32','HH24:MI'));
Insert into SENSORMEDICOES (IDSENSOR,VALORLIDO,INSTANTELEITURA) values ('TA111',055,to_date('19:37','HH24:MI'));
Insert into SENSORMEDICOES (IDSENSOR,VALORLIDO,INSTANTELEITURA) values ('HA111',100,to_date('22:32','HH24:MI'));
Insert into SENSORMEDICOES (IDSENSOR,VALORLIDO,INSTANTELEITURA) values ('PA111',097,to_date('08:57','HH24:MI'));

--Table RESUMOMETEOROLOGICOSENSOR
Insert into RESUMOMETEOROLOGICOSENSOR (IDRESUMOMETEOROLOGICO,IDMEDICAO) values ('1','7');
Insert into RESUMOMETEOROLOGICOSENSOR (IDRESUMOMETEOROLOGICO,IDMEDICAO) values ('2','4');
Insert into RESUMOMETEOROLOGICOSENSOR (IDRESUMOMETEOROLOGICO,IDMEDICAO) values ('3','1');
Insert into RESUMOMETEOROLOGICOSENSOR (IDRESUMOMETEOROLOGICO,IDMEDICAO) values ('4','2');
Insert into RESUMOMETEOROLOGICOSENSOR (IDRESUMOMETEOROLOGICO,IDMEDICAO) values ('5','3');
Insert into RESUMOMETEOROLOGICOSENSOR (IDRESUMOMETEOROLOGICO,IDMEDICAO) values ('6','6');

--Table INPUT_SENSOR
Insert into INPUT_SENSOR (INPUT_STRING) values ('62943HS078783897638710:35');
Insert into INPUT_SENSOR (INPUT_STRING) values ('62001PL100783897000112:00');
Insert into INPUT_SENSOR (INPUT_STRING) values ('62002VV027783897000205:05');
Insert into INPUT_SENSOR (INPUT_STRING) values ('62003HA055783897000307:39');
Insert into INPUT_SENSOR (INPUT_STRING) values ('62004PA088783897000421:58');
Insert into INPUT_SENSOR (INPUT_STRING) values ('62944HS078783897638710:35');
Insert into INPUT_SENSOR (INPUT_STRING) values ('62943VV078783897638999:35');
Insert into INPUT_SENSOR (INPUT_STRING) values ('62943HS230783897638710:35');
Insert into INPUT_SENSOR (INPUT_STRING) values ('62555HS200783895555510:35');
Insert into INPUT_SENSOR (INPUT_STRING) values ('62555AJ055783895555510:35');
Insert into INPUT_SENSOR (INPUT_STRING) values ('82113HA023788787000111:32');

--RELATORIO

--Table MORADA (Rows Number = 5)
SELECT COUNT(*) AS "Table MORADA" FROM MORADA;

--Table PESSOA (Rows Number = 15)
SELECT COUNT(*) AS "Table PESSOA" FROM PESSOA;

--Table CLIENTE (Rows Number = 7)
SELECT COUNT(*) AS "Table CLIENTE" FROM CLIENTE;

--Table GESTORAGRICOLA (Rows Number = 3)
SELECT COUNT(*) AS "Table GESTORAGRICOLA" FROM GESTORAGRICOLA;

--Table SETOR (Rows Number = 10)
SELECT COUNT(*) AS "Table SETOR" FROM SETOR;

--Table CULTURA (Rows Number = 11)
SELECT COUNT(*) AS "Table CULTURA" FROM CULTURA;

--Table SAFRA (Rows Number = 7)
SELECT COUNT(*) AS "Table SAFRA" FROM SAFRA;

--Table FATORPRODUCAO (Rows Number = 8)
SELECT COUNT(*) AS "Table FATORPRODUCAO" FROM FATORPRODUCAO;

--Table FICHATECNICA (Rows Number = 8)
SELECT COUNT(*) AS "Table FICHATECNICA" FROM FICHATECNICA;

--Table ELEMENTO (Rows Number = 9)
SELECT COUNT(*) AS "Table ELEMENTO" FROM ELEMENTO;

--Table FICHATECNICAELEMENTO (Rows Number = 21)
SELECT COUNT(*) AS "Table FICHATECNICAELEMENTO" FROM FICHATECNICAELEMENTO;

--Table OPERACOESAGRICOLAS (Rows Number = 13)
SELECT COUNT(*) AS "Table OPERACOESAGRICOLAS" FROM OPERACOESAGRICOLAS;

--Table OPERACAOFATORESPRODUCAOAPLICADOS (Rows Number = 16)
SELECT COUNT(*) AS "Table OPERACAOFATORESPRODUCAOAPLICADOS" FROM OPERACAOFATORESPRODUCAOAPLICADOS;

--Table RESTRICOESSETORFATORPRODUCAO (Rows Number = 9)
SELECT COUNT(*) AS "Table RESTRICOESSETORFATORPRODUCAO" FROM RESTRICOESSETORFATORPRODUCAO;

--Table SISTEMAREGA (Rows Number = 8)
SELECT COUNT(*) AS "Table SISTEMAREGA" FROM SISTEMAREGA;

--Table PLANOREGA (Rows Number = 8)
SELECT COUNT(*) AS "Table PLANOREGA" FROM PLANOREGA;

--Table CONTROLADOR (Rows Number = 8)
SELECT COUNT(*) AS "Table CONTROLADOR" FROM CONTROLADOR;

--Table PLANOANUAL (Rows Number = 2)
SELECT COUNT(*) AS "Table PLANOANUAL" FROM PLANOANUAL;

--Table APLICACOESREALIZAR (Rows Number = 10)
SELECT COUNT(*) AS "Table APLICACOESREALIZAR" FROM APLICACOESREALIZAR;

--Table PRODUTOAGRICOLA (Rows Number = 6)
SELECT COUNT(*) AS "Table PRODUTOAGRICOLA" FROM PRODUTOAGRICOLA;

--Table CULTURAPRODUTO (Rows Number = 7)
SELECT COUNT(*) AS "Table CULTURAPRODUTO" FROM CULTURAPRODUTO;

--Table GESTORAGRICOLACLIENTE (Rows Number = 7)
SELECT COUNT(*) AS "Table GESTORAGRICOLACLIENTE" FROM GESTORAGRICOLACLIENTE;

--Table CLIENTEINCIDENTES (Rows Number = 7) 
--As linhas são inseridas automaticamente pelo trigger "trg_new_cliente" quando um Cliente é inserido
--As linhas também são atualizadas sempre que é inserido um registo na tabela INCIDENTE através do trigger "trg_new_incidente"
SELECT COUNT(*) AS "Table CLIENTEINCIDENTES" FROM CLIENTEINCIDENTES;

--Table CLIENTEENCOMENDASANUAIS (Rows Number = 7)
--As linhas são inseridas automaticamente pelo trigger "trg_new_cliente" quando um Cliente é inserido
--As linhas também são atualizadas sempre que é inserido um registo na tabela ENCOMENDACLIENTE através do trigger "trg_new_pedido_cliente"
SELECT COUNT(*) AS "Table CLIENTEENCOMENDASANUAIS" FROM CLIENTEENCOMENDASANUAIS;

--Table ENCOMENDACLIENTE (Rows Number = 13)
SELECT COUNT(*) AS "Table ENCOMENDACLIENTE" FROM ENCOMENDACLIENTE;

--Table ENCOMENDAPRODUTO (Rows Number = 13)
SELECT COUNT(*) AS "Table ENCOMENDAPRODUTO" FROM ENCOMENDAPRODUTO;

--Table INCIDENTE (Rows Number = 7)
SELECT COUNT(*) AS "Table INCIDENTE" FROM INCIDENTE;

--Table CONDUTOR (Rows Number = 3)
SELECT COUNT(*) AS "Table CONDUTOR" FROM CONDUTOR;

--Table INPUT_HUB (Rows Number = 7)
SELECT COUNT(*) AS "Table INPUT_HUB" FROM INPUT_HUB;

--Table HUB (Rows Number = 2)
SELECT COUNT(*) AS "Table HUB" FROM HUB;

--Table TRANSPORTE (Rows Number = 6)
SELECT COUNT(*) AS "Table TRANSPORTE" FROM TRANSPORTE;

--Table CADERNOCAMPO (Rows Number = 3)
SELECT COUNT(*) AS "Table CADERNOCAMPO" FROM CADERNOCAMPO;

--Table REGISTO (Rows Number = 12)
SELECT COUNT(*) AS "Table REGISTO" FROM REGISTO;

--Table REGISTOCOLHEITA (Rows Number = 4)
SELECT COUNT(*) AS "Table REGISTOCOLHEITA" FROM REGISTOCOLHEITA;

--Table REGISTOFERTELIZACAO (Rows Number = 4)
SELECT COUNT(*) AS "Table REGISTOFERTELIZACAO" FROM REGISTOFERTELIZACAO;

--Table REGISTOREGA (Rows Number = 4)
SELECT COUNT(*) AS "Table REGISTOREGA" FROM REGISTOREGA;

--Table SENSOR (Rows Number = 7)
SELECT COUNT(*) AS "Table SENSOR" FROM SENSOR;

--Table ESTACAOMETEOROLOGICA (Rows Number = 4)
SELECT COUNT(*) AS "Table ESTACAOMETEOROLOGICA" FROM ESTACAOMETEOROLOGICA;

--Table RESUMOMETEOROLOGICO (Rows Number = 6)
SELECT COUNT(*) AS "Table RESUMOMETEOROLOGICO" FROM RESUMOMETEOROLOGICO;

--Table SENSORMEDICOES (Rows Number = 7)
SELECT COUNT(*) AS "Table SENSORMEDICOES" FROM SENSORMEDICOES;

--Table RESUMOMETEOROLOGICOSENSOR (Rows Number = 12)
SELECT COUNT(*) AS "Table RESUMOMETEOROLOGICOSENSOR" FROM RESUMOMETEOROLOGICOSENSOR;

--Table INPUT_SENSOR (Rows Number = 5)
SELECT COUNT(*) AS "Table INPUT_SENSOR" FROM INPUT_SENSOR;
